Abata,Yellow
Abata,Turquoise
Abata,Maroon
Abata,Blue
Abata,Crimson
Abata,Purple
Abata,Green
Abata,Purple
Abata,Orange
Abata,Mauv
Abata,Puce
Abata,Yellow
Abata,Fuscia
Abata,Green
Abata,Aquamarine
Abata,Crimson
Abata,Orange
Abata,Teal
Abata,Teal
Abata,Yellow
Abata,Teal
Abata,Blue
Abata,Orange
Abata,Orange
Abata,Fuscia
Abata,Khaki
Abata,Violet
Abata,Crimson
Abata,Yellow
Abata,Puce
Abata,Teal
Abata,Maroon
Abata,Maroon
Abata,Maroon
Abata,Crimson
Abata,Green
Abata,Pink
Abata,Green
Abata,Aquamarine
Abata,Yellow
Abata,Teal
Abata,Blue
Abata,Orange
Abata,Khaki
Abata,Blue
Abata,Maroon
Abata,Blue
Abata,Fuscia
Abata,Goldenrod
Abata,Orange
Abata,Green
Abata,Fuscia
Abata,Orange
Abata,Green
Abata,Mauv
Abata,Khaki
Abata,Red
Abata,Indigo
Abata,Green
Abata,Blue
Abata,Orange
Abata,Blue
Abata,Puce
Abata,Orange
Abata,Blue
Abata,Teal
Abata,Blue
Abata,Fuscia
Abata,Aquamarine
Abata,Goldenrod
Abata,Mauv
Abata,Turquoise
Abata,Turquoise
Abata,Aquamarine
Abata,Khaki
Abata,Goldenrod
Abata,Purple
Abata,Violet
Abata,Purple
Abata,Khaki
Abata,Violet
Abata,Green
Abata,Aquamarine
Abata,Blue
Abata,Orange
Abata,Pink
Abata,Crimson
Abata,Aquamarine
Abata,Yellow
Abata,Indigo
Abata,Mauv
Abata,Violet
Abata,Yellow
Abata,Puce
Abata,Turquoise
Abata,Mauv
Abata,Purple
Abata,Yellow
Abata,Violet
Abata,Red
Abata,Violet
Abata,Mauv
Abata,Pink
Abata,Aquamarine
Abata,Green
Abata,Orange
Abata,Indigo
Abata,Teal
Abata,Pink
Abata,Indigo
Abata,Purple
Abata,Violet
Abata,Puce
Abata,Orange
Abata,Mauv
Abata,Turquoise
Abata,Red
Abata,Khaki
Abata,Teal
Abata,Goldenrod
Abata,Turquoise
Abata,Teal
Abata,Maroon
Abata,Orange
Abata,Yellow
Abata,Mauv
Abata,Puce
Abata,Mauv
Abata,Fuscia
Abata,Khaki
Abata,Indigo
Abata,Violet
Abata,Crimson
Abata,Indigo
Abata,Fuscia
Abata,Mauv
Abata,Mauv
Abata,Maroon
Abata,Khaki
Abata,Orange
Abata,Teal
Abata,Indigo
Abata,Green
Abata,Pink
Abata,Blue
Abata,Turquoise
Abata,Pink
Abata,Crimson
Abata,Red
Abata,Green
Abata,Teal
Abata,Pink
Abata,Purple
Abata,Mauv
Abata,Blue
Abata,Aquamarine
Abata,Teal
Abata,Fuscia
Abata,Teal
Abata,Crimson
Abata,Violet
Abata,Aquamarine
Abata,Khaki
Abata,Yellow
Abata,Indigo
Abata,Goldenrod
Abata,Mauv
Abata,Khaki
Abata,Goldenrod
Abata,Fuscia
Abata,Maroon
Abata,Maroon
Abata,Pink
Abata,Turquoise
Abata,Orange
Abata,Red
Abata,Green
Abata,Red
Abata,Turquoise
Abata,Purple
Abata,Blue
Abata,Fuscia
Abata,Fuscia
Abata,Maroon
Abata,Violet
Abata,Purple
Abata,Violet
Abata,Mauv
Abata,Purple
Abata,Mauv
Abata,Mauv
Abata,Orange
Abata,Orange
Abata,Red
Abata,Turquoise
Abata,Puce
Abata,Puce
Abata,Blue
Abata,Maroon
Abata,Red
Abata,Orange
Abata,Teal
Abata,Yellow
Abata,Aquamarine
Abata,Goldenrod
Abata,Green
Abata,Turquoise
Abata,Violet
Abata,Turquoise
Abata,Violet
Abata,Khaki
Abata,Pink
Abata,Fuscia
Abata,Indigo
Abata,Violet
Abata,Indigo
Abata,Purple
Abata,Goldenrod
Abata,Pink
Abata,Khaki
Abata,Green
Abata,Indigo
Abata,Crimson
Abata,Goldenrod
Abata,Puce
Abata,Indigo
Abata,Orange
Abata,Blue
Abata,Purple
Abata,Goldenrod
Abata,Fuscia
Abata,Purple
Abata,Red
Abata,Goldenrod
Abata,Maroon
Abata,Maroon
Abata,Teal
Abata,Crimson
Abata,Crimson
Abata,Maroon
Abata,Fuscia
Abata,Maroon
Abata,Blue
Abata,Turquoise
Abata,Turquoise
Abata,Puce
Abata,Orange
Abata,Green
Abata,Maroon
Abata,Mauv
Abata,Fuscia
Abata,Orange
Abata,Pink
Abata,Khaki
Abata,Aquamarine
Abata,Yellow
Abata,Indigo
Abatz,Khaki
Abatz,Green
Abatz,Khaki
Abatz,Maroon
Abatz,Aquamarine
Abatz,Mauv
Abatz,Pink
Abatz,Red
Abatz,Indigo
Abatz,Fuscia
Abatz,Goldenrod
Abatz,Blue
Abatz,Blue
Abatz,Khaki
Abatz,Maroon
Abatz,Maroon
Abatz,Goldenrod
Abatz,Maroon
Abatz,Teal
Abatz,Red
Abatz,Teal
Abatz,Pink
Abatz,Violet
Abatz,Green
Abatz,Crimson
Abatz,Blue
Abatz,Maroon
Abatz,Crimson
Abatz,Pink
Abatz,Puce
Abatz,Goldenrod
Abatz,Teal
Abatz,Goldenrod
Abatz,Pink
Abatz,Fuscia
Abatz,Yellow
Abatz,Fuscia
Abatz,Mauv
Abatz,Aquamarine
Abatz,Blue
Abatz,Maroon
Abatz,Violet
Abatz,Indigo
Abatz,Green
Abatz,Khaki
Abatz,Aquamarine
Abatz,Red
Abatz,Turquoise
Abatz,Crimson
Abatz,Khaki
Abatz,Red
Abatz,Puce
Abatz,Aquamarine
Abatz,Fuscia
Abatz,Red
Abatz,Aquamarine
Abatz,Turquoise
Abatz,Khaki
Abatz,Aquamarine
Abatz,Fuscia
Abatz,Khaki
Abatz,Aquamarine
Abatz,Puce
Abatz,Mauv
Abatz,Aquamarine
Abatz,Khaki
Abatz,Crimson
Abatz,Aquamarine
Abatz,Pink
Abatz,Green
Abatz,Violet
Abatz,Fuscia
Abatz,Indigo
Abatz,Blue
Abatz,Khaki
Abatz,Pink
Abatz,Pink
Abatz,Purple
Abatz,Mauv
Abatz,Goldenrod
Abatz,Yellow
Abatz,Pink
Abatz,Pink
Abatz,Maroon
Abatz,Maroon
Abatz,Goldenrod
Abatz,Pink
Abatz,Goldenrod
Abatz,Red
Abatz,Green
Abatz,Aquamarine
Abatz,Fuscia
Abatz,Blue
Abatz,Mauv
Abatz,Puce
Abatz,Yellow
Abatz,Crimson
Abatz,Orange
Abatz,Goldenrod
Abatz,Violet
Abatz,Indigo
Abatz,Pink
Abatz,Maroon
Abatz,Orange
Abatz,Pink
Abatz,Pink
Abatz,Blue
Abatz,Purple
Abatz,Pink
Abatz,Violet
Abatz,Aquamarine
Abatz,Fuscia
Abatz,Turquoise
Abatz,Orange
Abatz,Purple
Abatz,Crimson
Abatz,Teal
Abatz,Aquamarine
Abatz,Blue
Abatz,Aquamarine
Abatz,Purple
Abatz,Blue
Abatz,Turquoise
Abatz,Violet
Abatz,Purple
Abatz,Purple
Abatz,Crimson
Abatz,Red
Abatz,Fuscia
Abatz,Khaki
Abatz,Crimson
Abatz,Violet
Abatz,Khaki
Abatz,Violet
Abatz,Violet
Abatz,Red
Abatz,Violet
Abatz,Green
Abatz,Turquoise
Abatz,Mauv
Abatz,Fuscia
Abatz,Blue
Abatz,Green
Abatz,Purple
Abatz,Yellow
Abatz,Goldenrod
Abatz,Turquoise
Abatz,Khaki
Abatz,Green
Abatz,Purple
Abatz,Crimson
Abatz,Teal
Abatz,Violet
Abatz,Pink
Abatz,Blue
Abatz,Orange
Abatz,Blue
Abatz,Aquamarine
Abatz,Maroon
Abatz,Teal
Abatz,Turquoise
Abatz,Pink
Abatz,Crimson
Abatz,Mauv
Abatz,Goldenrod
Abatz,Purple
Abatz,Goldenrod
Abatz,Khaki
Abatz,Purple
Abatz,Turquoise
Abatz,Violet
Abatz,Orange
Abatz,Yellow
Abatz,Goldenrod
Abatz,Fuscia
Abatz,Mauv
Abatz,Puce
Abatz,Turquoise
Abatz,Teal
Abatz,Green
Abatz,Pink
Abatz,Red
Abatz,Fuscia
Abatz,Violet
Abatz,Maroon
Abatz,Teal
Abatz,Mauv
Abatz,Violet
Abatz,Yellow
Abatz,Blue
Abatz,Fuscia
Abatz,Turquoise
Abatz,Orange
Abatz,Crimson
Abatz,Crimson
Abatz,Turquoise
Abatz,Teal
Abatz,Fuscia
Abatz,Blue
Abatz,Goldenrod
Abatz,Khaki
Abatz,Aquamarine
Abatz,Crimson
Abatz,Green
Abatz,Violet
Abatz,Violet
Abatz,Fuscia
Abatz,Mauv
Abatz,Red
Abatz,Indigo
Abatz,Maroon
Abatz,Green
Abatz,Maroon
Abatz,Fuscia
Abatz,Puce
Abatz,Goldenrod
Abatz,Yellow
Abatz,Aquamarine
Abatz,Pink
Abatz,Crimson
Abatz,Fuscia
Abatz,Puce
Abatz,Puce
Abatz,Goldenrod
Abatz,Indigo
Abatz,Green
Abatz,Crimson
Abatz,Crimson
Abatz,Mauv
Abatz,Indigo
Abatz,Blue
Abatz,Turquoise
Abatz,Orange
Abatz,Green
Abatz,Crimson
Abatz,Orange
Abatz,Puce
Abatz,Puce
Abatz,Blue
Abatz,Turquoise
Abatz,Puce
Abatz,Indigo
Abatz,Mauv
Abatz,Blue
Abatz,Goldenrod
Abatz,Pink
Abatz,Green
Abatz,Goldenrod
Abatz,Blue
Abatz,Fuscia
Agimba,Indigo
Agimba,Violet
Agimba,Yellow
Agimba,Teal
Agimba,Indigo
Agimba,Aquamarine
Agimba,Khaki
Agimba,Crimson
Agimba,Goldenrod
Agimba,Goldenrod
Agimba,Mauv
Agimba,Red
Agimba,Puce
Agimba,Blue
Agimba,Violet
Agimba,Pink
Agimba,Mauv
Agimba,Violet
Agimba,Purple
Agimba,Blue
Agimba,Yellow
Agimba,Indigo
Agimba,Mauv
Agimba,Orange
Agimba,Turquoise
Agimba,Teal
Agimba,Khaki
Agimba,Maroon
Agimba,Maroon
Agimba,Mauv
Agimba,Purple
Agimba,Mauv
Agimba,Khaki
Agimba,Khaki
Agimba,Teal
Agimba,Green
Agimba,Red
Agimba,Yellow
Agimba,Teal
Agimba,Fuscia
Agimba,Yellow
Agimba,Puce
Agimba,Mauv
Agimba,Khaki
Agimba,Indigo
Agimba,Khaki
Agimba,Puce
Agimba,Turquoise
Agimba,Yellow
Agimba,Aquamarine
Agimba,Blue
Agimba,Orange
Agimba,Teal
Agimba,Teal
Agimba,Mauv
Agimba,Maroon
Agimba,Crimson
Agimba,Turquoise
Agimba,Pink
Agimba,Blue
Agimba,Yellow
Agimba,Teal
Agimba,Violet
Agimba,Fuscia
Agimba,Crimson
Agimba,Blue
Agimba,Fuscia
Agimba,Teal
Agimba,Pink
Agimba,Violet
Agimba,Maroon
Agimba,Puce
Agimba,Red
Agimba,Orange
Agimba,Mauv
Agimba,Blue
Agimba,Green
Agimba,Green
Agimba,Fuscia
Agimba,Red
Agimba,Goldenrod
Agimba,Fuscia
Agimba,Teal
Agimba,Turquoise
Agimba,Aquamarine
Agimba,Orange
Agimba,Green
Agimba,Indigo
Agimba,Orange
Agimba,Pink
Agimba,Fuscia
Agimba,Maroon
Agimba,Turquoise
Agimba,Puce
Agimba,Crimson
Agimba,Indigo
Agimba,Teal
Agimba,Maroon
Agimba,Violet
Agimba,Purple
Agimba,Mauv
Agimba,Khaki
Agimba,Violet
Agimba,Orange
Agimba,Pink
Agimba,Turquoise
Agimba,Turquoise
Agimba,Crimson
Agimba,Crimson
Agimba,Maroon
Agimba,Purple
Agimba,Mauv
Agimba,Goldenrod
Agimba,Indigo
Agimba,Khaki
Agimba,Turquoise
Agimba,Puce
Agimba,Indigo
Agimba,Puce
Agimba,Maroon
Agimba,Yellow
Agimba,Green
Agimba,Maroon
Agimba,Goldenrod
Agimba,Mauv
Agimba,Goldenrod
Agimba,Fuscia
Agimba,Teal
Agimba,Blue
Agimba,Crimson
Agimba,Orange
Agimba,Goldenrod
Agimba,Khaki
Agimba,Crimson
Agimba,Khaki
Agimba,Indigo
Agimba,Crimson
Agimba,Aquamarine
Agimba,Blue
Agimba,Orange
Agimba,Pink
Agimba,Crimson
Agimba,Red
Agimba,Red
Agimba,Violet
Agimba,Orange
Agimba,Orange
Agimba,Puce
Agimba,Pink
Agimba,Maroon
Agimba,Aquamarine
Agimba,Purple
Agimba,Orange
Agimba,Pink
Agimba,Green
Agimba,Violet
Agimba,Indigo
Agimba,Indigo
Agimba,Aquamarine
Agimba,Blue
Agimba,Red
Agimba,Goldenrod
Agimba,Orange
Agimba,Pink
Agimba,Aquamarine
Agimba,Mauv
Agimba,Crimson
Agimba,Puce
Agimba,Orange
Agimba,Pink
Agimba,Indigo
Agimba,Aquamarine
Agimba,Maroon
Agimba,Turquoise
Agimba,Orange
Agimba,Orange
Agimba,Green
Agimba,Turquoise
Agimba,Aquamarine
Agimba,Pink
Agimba,Green
Agimba,Indigo
Agimba,Fuscia
Agimba,Blue
Agimba,Red
Agimba,Aquamarine
Agimba,Indigo
Agimba,Blue
Agimba,Red
Agimba,Teal
Agimba,Violet
Agimba,Maroon
Agimba,Orange
Agimba,Violet
Agimba,Fuscia
Agimba,Teal
Agimba,Green
Agimba,Puce
Agimba,Purple
Agimba,Fuscia
Agimba,Pink
Agimba,Crimson
Agimba,Crimson
Agimba,Violet
Agimba,Fuscia
Agimba,Blue
Agimba,Indigo
Agimba,Mauv
Agimba,Khaki
Agimba,Blue
Agimba,Violet
Agimba,Crimson
Agimba,Mauv
Agimba,Maroon
Agimba,Orange
Agimba,Mauv
Agimba,Red
Agimba,Puce
Agimba,Yellow
Agimba,Mauv
Agimba,Puce
Agimba,Pink
Agimba,Orange
Agimba,Aquamarine
Agimba,Maroon
Agimba,Teal
Agimba,Yellow
Agimba,Teal
Agimba,Mauv
Agimba,Indigo
Agimba,Teal
Agimba,Aquamarine
Agimba,Aquamarine
Agimba,Goldenrod
Agimba,Violet
Agimba,Violet
Agimba,Teal
Agimba,Puce
Agimba,Maroon
Agimba,Teal
Agimba,Fuscia
Agimba,Khaki
Agimba,Green
Agimba,Purple
Agimba,Violet
Agimba,Purple
Agimba,Teal
Agimba,Turquoise
Agimba,Fuscia
Agimba,Violet
Agimba,Violet
Agimba,Yellow
Agimba,Indigo
Agimba,Fuscia
Agimba,Maroon
Agimba,Green
Agimba,Teal
Agimba,Fuscia
Agimba,Mauv
Agimba,Aquamarine
Agimba,Puce
Agimba,Puce
Agimba,Teal
Agimba,Mauv
Agimba,Red
Agimba,Fuscia
Agimba,Red
Agimba,Maroon
Agimba,Mauv
Agimba,Red
Agimba,Red
Agimba,Khaki
Agimba,Purple
Agimba,Orange
Agimba,Goldenrod
Agimba,Red
Agimba,Blue
Agimba,Green
Agimba,Purple
Agivu,Blue
Agivu,Goldenrod
Agivu,Fuscia
Agivu,Pink
Agivu,Indigo
Agivu,Mauv
Agivu,Orange
Agivu,Goldenrod
Agivu,Purple
Agivu,Maroon
Agivu,Orange
Agivu,Blue
Agivu,Fuscia
Agivu,Indigo
Agivu,Red
Agivu,Turquoise
Agivu,Blue
Agivu,Puce
Agivu,Puce
Agivu,Maroon
Agivu,Violet
Agivu,Fuscia
Agivu,Indigo
Agivu,Crimson
Agivu,Yellow
Agivu,Teal
Agivu,Goldenrod
Agivu,Fuscia
Agivu,Violet
Agivu,Crimson
Agivu,Crimson
Agivu,Pink
Agivu,Puce
Agivu,Fuscia
Agivu,Fuscia
Agivu,Violet
Agivu,Fuscia
Agivu,Crimson
Agivu,Goldenrod
Agivu,Aquamarine
Agivu,Puce
Agivu,Turquoise
Agivu,Purple
Agivu,Yellow
Agivu,Red
Agivu,Violet
Agivu,Fuscia
Agivu,Mauv
Agivu,Violet
Agivu,Red
Agivu,Indigo
Agivu,Maroon
Agivu,Orange
Agivu,Pink
Agivu,Indigo
Agivu,Aquamarine
Agivu,Fuscia
Agivu,Purple
Agivu,Orange
Agivu,Fuscia
Agivu,Maroon
Agivu,Indigo
Agivu,Turquoise
Agivu,Turquoise
Agivu,Yellow
Agivu,Indigo
Agivu,Red
Agivu,Aquamarine
Agivu,Orange
Agivu,Red
Agivu,Yellow
Agivu,Orange
Agivu,Teal
Agivu,Orange
Agivu,Maroon
Agivu,Red
Agivu,Maroon
Agivu,Aquamarine
Agivu,Puce
Agivu,Fuscia
Agivu,Blue
Agivu,Yellow
Agivu,Purple
Agivu,Goldenrod
Agivu,Fuscia
Agivu,Khaki
Agivu,Red
Agivu,Khaki
Agivu,Teal
Agivu,Teal
Agivu,Mauv
Agivu,Mauv
Agivu,Red
Agivu,Turquoise
Agivu,Red
Agivu,Green
Agivu,Crimson
Agivu,Maroon
Agivu,Maroon
Agivu,Indigo
Agivu,Teal
Agivu,Goldenrod
Agivu,Blue
Agivu,Pink
Agivu,Purple
Agivu,Goldenrod
Agivu,Pink
Agivu,Goldenrod
Agivu,Goldenrod
Agivu,Teal
Agivu,Orange
Agivu,Aquamarine
Agivu,Green
Agivu,Orange
Agivu,Blue
Agivu,Indigo
Agivu,Purple
Agivu,Maroon
Agivu,Maroon
Agivu,Yellow
Agivu,Teal
Agivu,Green
Agivu,Maroon
Agivu,Maroon
Agivu,Blue
Agivu,Indigo
Agivu,Turquoise
Agivu,Orange
Agivu,Khaki
Agivu,Goldenrod
Agivu,Orange
Agivu,Teal
Agivu,Blue
Agivu,Yellow
Agivu,Yellow
Agivu,Turquoise
Agivu,Violet
Agivu,Violet
Agivu,Indigo
Agivu,Puce
Agivu,Crimson
Agivu,Aquamarine
Agivu,Green
Agivu,Red
Agivu,Violet
Agivu,Indigo
Agivu,Fuscia
Agivu,Indigo
Agivu,Blue
Agivu,Turquoise
Agivu,Orange
Agivu,Goldenrod
Agivu,Khaki
Agivu,Yellow
Agivu,Pink
Agivu,Crimson
Agivu,Mauv
Agivu,Orange
Agivu,Indigo
Agivu,Puce
Agivu,Orange
Agivu,Crimson
Agivu,Green
Agivu,Green
Agivu,Khaki
Agivu,Mauv
Agivu,Teal
Agivu,Blue
Agivu,Orange
Agivu,Khaki
Agivu,Pink
Agivu,Blue
Agivu,Green
Agivu,Goldenrod
Agivu,Red
Agivu,Turquoise
Agivu,Puce
Agivu,Maroon
Agivu,Fuscia
Agivu,Maroon
Agivu,Maroon
Agivu,Indigo
Agivu,Green
Agivu,Orange
Agivu,Mauv
Agivu,Orange
Agivu,Crimson
Agivu,Aquamarine
Agivu,Pink
Agivu,Aquamarine
Agivu,Mauv
Agivu,Indigo
Agivu,Turquoise
Agivu,Teal
Agivu,Red
Agivu,Orange
Agivu,Aquamarine
Agivu,Aquamarine
Agivu,Pink
Agivu,Red
Agivu,Green
Agivu,Purple
Agivu,Purple
Agivu,Blue
Agivu,Khaki
Agivu,Violet
Agivu,Puce
Agivu,Orange
Agivu,Yellow
Agivu,Red
Agivu,Turquoise
Agivu,Blue
Agivu,Blue
Agivu,Green
Agivu,Khaki
Agivu,Indigo
Agivu,Violet
Agivu,Violet
Agivu,Indigo
Agivu,Violet
Agivu,Red
Agivu,Yellow
Agivu,Teal
Agivu,Green
Agivu,Red
Agivu,Indigo
Agivu,Yellow
Agivu,Yellow
Agivu,Pink
Agivu,Purple
Aibox,Turquoise
Aibox,Orange
Aibox,Teal
Aibox,Turquoise
Aibox,Fuscia
Aibox,Mauv
Aibox,Crimson
Aibox,Pink
Aibox,Puce
Aibox,Mauv
Aibox,Purple
Aibox,Fuscia
Aibox,Purple
Aibox,Turquoise
Aibox,Blue
Aibox,Purple
Aibox,Blue
Aibox,Goldenrod
Aibox,Puce
Aibox,Fuscia
Aibox,Blue
Aibox,Khaki
Aibox,Blue
Aibox,Khaki
Aibox,Green
Aibox,Blue
Aibox,Khaki
Aibox,Fuscia
Aibox,Khaki
Aibox,Turquoise
Aibox,Goldenrod
Aibox,Yellow
Aibox,Teal
Aibox,Red
Aibox,Violet
Aibox,Aquamarine
Aibox,Mauv
Aibox,Maroon
Aibox,Red
Aibox,Orange
Aibox,Yellow
Aibox,Maroon
Aibox,Pink
Aibox,Blue
Aibox,Aquamarine
Aibox,Crimson
Aibox,Teal
Aibox,Mauv
Aibox,Goldenrod
Aibox,Turquoise
Aibox,Aquamarine
Aibox,Purple
Aibox,Goldenrod
Aibox,Puce
Aibox,Mauv
Aibox,Pink
Aibox,Indigo
Aibox,Green
Aibox,Goldenrod
Aibox,Purple
Aibox,Turquoise
Aibox,Green
Aibox,Orange
Aibox,Blue
Aibox,Khaki
Aibox,Orange
Aibox,Green
Aibox,Aquamarine
Aibox,Violet
Aibox,Indigo
Aibox,Maroon
Aibox,Blue
Aibox,Puce
Aibox,Blue
Aibox,Orange
Aibox,Teal
Aibox,Purple
Aibox,Khaki
Aibox,Indigo
Aibox,Purple
Aibox,Khaki
Aibox,Yellow
Aibox,Violet
Aibox,Goldenrod
Aibox,Mauv
Aibox,Yellow
Aibox,Blue
Aibox,Turquoise
Aibox,Blue
Aibox,Red
Aibox,Puce
Aibox,Yellow
Aibox,Khaki
Aibox,Pink
Aibox,Purple
Aibox,Aquamarine
Aibox,Khaki
Aibox,Teal
Aibox,Yellow
Aibox,Indigo
Aibox,Turquoise
Aibox,Pink
Aibox,Violet
Aibox,Red
Aibox,Khaki
Aibox,Pink
Aibox,Turquoise
Aibox,Fuscia
Aibox,Aquamarine
Aibox,Maroon
Aibox,Violet
Aibox,Maroon
Aibox,Orange
Aibox,Mauv
Aibox,Teal
Aibox,Khaki
Aibox,Maroon
Aibox,Pink
Aibox,Goldenrod
Aibox,Puce
Aibox,Aquamarine
Aibox,Yellow
Aibox,Maroon
Aibox,Purple
Aibox,Puce
Aibox,Pink
Aibox,Blue
Aibox,Turquoise
Aibox,Aquamarine
Aibox,Puce
Aibox,Orange
Aibox,Mauv
Aibox,Crimson
Aibox,Red
Aibox,Aquamarine
Aibox,Fuscia
Aibox,Fuscia
Aibox,Fuscia
Aibox,Mauv
Aibox,Puce
Aibox,Violet
Aibox,Turquoise
Aibox,Maroon
Aibox,Pink
Aibox,Violet
Aibox,Fuscia
Aibox,Green
Aibox,Yellow
Aibox,Pink
Aibox,Puce
Aibox,Blue
Aibox,Pink
Aibox,Puce
Aibox,Orange
Aibox,Goldenrod
Aibox,Blue
Aibox,Indigo
Aibox,Yellow
Aibox,Crimson
Aibox,Blue
Aibox,Violet
Aibox,Turquoise
Aibox,Pink
Aibox,Red
Aibox,Indigo
Aibox,Orange
Aibox,Mauv
Aibox,Purple
Aibox,Purple
Aibox,Goldenrod
Aibox,Aquamarine
Aibox,Purple
Aibox,Puce
Aibox,Khaki
Aibox,Green
Aibox,Green
Aibox,Aquamarine
Aibox,Teal
Aibox,Violet
Aibox,Violet
Aibox,Green
Aibox,Puce
Aibox,Puce
Aibox,Green
Aibox,Indigo
Aibox,Puce
Aibox,Orange
Aibox,Crimson
Aibox,Pink
Aibox,Yellow
Aibox,Goldenrod
Aibox,Goldenrod
Aibox,Orange
Aibox,Goldenrod
Aibox,Pink
Aibox,Pink
Aibox,Khaki
Aibox,Turquoise
Aibox,Blue
Aibox,Indigo
Aibox,Violet
Aibox,Crimson
Aibox,Fuscia
Aibox,Red
Aibox,Puce
Aibox,Green
Aibox,Orange
Aibox,Teal
Aibox,Turquoise
Aibox,Mauv
Aibox,Orange
Aibox,Purple
Aibox,Teal
Aibox,Crimson
Aibox,Goldenrod
Aibox,Yellow
Aibox,Blue
Aibox,Green
Aibox,Aquamarine
Aibox,Mauv
Aibox,Puce
Aibox,Aquamarine
Aibox,Crimson
Aibox,Orange
Aibox,Green
Aibox,Purple
Aibox,Blue
Aibox,Fuscia
Aibox,Crimson
Aibox,Turquoise
Aibox,Goldenrod
Aibox,Fuscia
Aibox,Pink
Aibox,Green
Aibox,Mauv
Aibox,Purple
Aibox,Teal
Aibox,Khaki
Aibox,Violet
Aibox,Teal
Aibox,Maroon
Aibox,Goldenrod
Aibox,Khaki
Aibox,Mauv
Aibox,Turquoise
Aibox,Teal
Aibox,Green
Aibox,Yellow
Aibox,Purple
Aibox,Fuscia
Aibox,Khaki
Aibox,Turquoise
Aibox,Crimson
Aibox,Yellow
Aibox,Violet
Aibox,Mauv
Aibox,Turquoise
Aibox,Aquamarine
Aibox,Indigo
Aibox,Indigo
Aibox,Pink
Aibox,Red
Aibox,Aquamarine
Aibox,Crimson
Ailane,Green
Ailane,Khaki
Ailane,Violet
Ailane,Goldenrod
Ailane,Violet
Ailane,Turquoise
Ailane,Puce
Ailane,Maroon
Ailane,Orange
Ailane,Fuscia
Ailane,Maroon
Ailane,Purple
Ailane,Blue
Ailane,Indigo
Ailane,Yellow
Ailane,Fuscia
Ailane,Khaki
Ailane,Pink
Ailane,Aquamarine
Ailane,Aquamarine
Ailane,Blue
Ailane,Indigo
Ailane,Fuscia
Ailane,Green
Ailane,Aquamarine
Ailane,Violet
Ailane,Purple
Ailane,Violet
Ailane,Crimson
Ailane,Yellow
Ailane,Aquamarine
Ailane,Turquoise
Ailane,Blue
Ailane,Aquamarine
Ailane,Fuscia
Ailane,Purple
Ailane,Fuscia
Ailane,Aquamarine
Ailane,Fuscia
Ailane,Maroon
Ailane,Violet
Ailane,Teal
Ailane,Mauv
Ailane,Puce
Ailane,Crimson
Ailane,Red
Ailane,Violet
Ailane,Mauv
Ailane,Puce
Ailane,Indigo
Ailane,Khaki
Ailane,Aquamarine
Ailane,Aquamarine
Ailane,Teal
Ailane,Fuscia
Ailane,Aquamarine
Ailane,Green
Ailane,Blue
Ailane,Puce
Ailane,Turquoise
Ailane,Teal
Ailane,Crimson
Ailane,Green
Ailane,Yellow
Ailane,Mauv
Ailane,Orange
Ailane,Fuscia
Ailane,Green
Ailane,Teal
Ailane,Fuscia
Ailane,Green
Ailane,Orange
Ailane,Green
Ailane,Blue
Ailane,Mauv
Ailane,Purple
Ailane,Orange
Ailane,Crimson
Ailane,Green
Ailane,Puce
